{
  "mean_a": [
    -0.7449632287025452,
    -0.42761966586112976,
    -0.7918995022773743,
    -1.3026788234710693,
    -2.0835657119750977,
    -1.8317464590072632,
    -1.9117597341537476,
    -2.292685031890869,
    -2.1934759616851807,
    -2.155395269393921,
    -2.296698808670044,
    -2.3870978355407715,
    -2.3684535026550293,
    -2.2648305892944336,
    -1.9029384851455688,
    -1.7664982080459595,
    -2.0910542011260986,
    -2.6849849224090576,
    -2.713751792907715,
    -2.295867681503296,
    -1.9755682945251465,
    -0.6132749319076538,
    -1.4118845462799072,
    -1.617969036102295,
    -1.48198664188385,
    -1.6154859066009521,
    -1.6588411331176758,
    -2.4044272899627686,
    -3.20872163772583,
    -3.745702028274536,
    -3.115006685256958,
    -2.377065896987915,
    -2.2172627449035645,
    -3.4209043979644775,
    -4.727746486663818,
    -4.5840744972229,
    -3.1108405590057373,
    -2.5012571811676025,
    -3.9521257877349854,
    -5.408144950866699
  ],
  "std_a": [
    1.2922899723052979,
    1.3164564371109009,
    1.1165542602539062,
    1.0372841358184814,
    1.1102544069290161,
    1.0479222536087036,
    1.049562692642212,
    1.288323163986206,
    1.3867051601409912,
    1.1818561553955078,
    1.2798503637313843,
    1.7160688638687134,
    1.6094733476638794,
    1.5740201473236084,
    1.6230499744415283,
    1.5117865800857544,
    1.568673014640808,
    1.7349352836608887,
    2.0276904106140137,
    2.023836851119995,
    1.8630460500717163,
    1.518734097480774,
    1.5950732231140137,
    1.683661699295044,
    1.677463412284851,
    1.6754952669143677,
    1.6896947622299194,
    1.6779803037643433,
    1.62362539768219,
    1.621182918548584,
    1.6826637983322144,
    1.5008295774459839,
    1.4705029726028442,
    1.5348165035247803,
    1.5769535303115845,
    1.5375492572784424,
    1.4688212871551514,
    1.5230863094329834,
    1.6794354915618896,
    1.702798843383789
  ],
  "mean_b": [
    -2.1262423992156982,
    -2.0735433101654053,
    -2.1735334396362305,
    -1.793570637702942,
    -2.0180468559265137,
    -2.584716320037842,
    -2.4030542373657227,
    -2.000854969024658,
    -2.130140781402588,
    -2.6250035762786865,
    -2.6697750091552734,
    -2.4116482734680176,
    -2.753109931945801,
    -3.1153550148010254,
    -3.0444884300231934,
    -3.4843289852142334,
    -3.2652010917663574,
    -3.4960479736328125,
    -3.325066328048706,
    -3.2938263416290283,
    -3.2486209869384766,
    -3.414875030517578,
    -3.3974452018737793,
    -3.4387664794921875,
    -3.602095127105713,
    -3.7066197395324707,
    -3.8430755138397217,
    -4.018857479095459,
    -4.161114692687988,
    -4.174776077270508,
    -4.2636895179748535,
    -4.413611888885498,
    -4.498533248901367,
    -4.515748500823975,
    -4.518463134765625,
    -4.6960625648498535,
    -4.792425155639648,
    -5.072896480560303,
    -5.308452129364014,
    -5.395042896270752
  ],
  "std_b": [
    1.0737441778182983,
    1.0521106719970703,
    0.8163721561431885,
    0.9433891177177429,
    0.9274591207504272,
    0.8034968972206116,
    0.9120808243751526,
    0.8904558420181274,
    1.2211403846740723,
    0.9838200807571411,
    0.8946265578269958,
    1.2373714447021484,
    0.9381701350212097,
    0.9201573133468628,
    0.938484251499176,
    0.8174601197242737,
    0.8505321741104126,
    0.8269767165184021,
    0.9104871153831482,
    0.8745068311691284,
    0.9993072152137756,
    0.9065551161766052,
    0.9420880079269409,
    1.0066213607788086,
    1.0091276168823242,
    1.0116630792617798,
    1.01442289352417,
    0.944042980670929,
    0.9663923978805542,
    0.9119099378585815,
    0.9302839636802673,
    0.9320489168167114,
    1.036972165107727,
    1.0708906650543213,
    1.0984331369400024,
    1.2025585174560547,
    1.2483134269714355,
    1.1402037143707275,
    1.0911725759506226,
    1.1313691139221191
  ]
}